0.91261,0.078193,0.89893,0.083021,295,8.42,1.78,266,2
0.89556,0.085482,0.92109,0.09364,161,8.62,-14.79,223,2
0.88171,0.090973,0.92122,0.069045,50,0.66,6.71,716,2
0.90475,0.081634,0.89985,0.088826,408,9.17,12.04,257,2
0.90436,0.081798,0.89527,0.083041,530,-1.8,16.34,17,2
0.9043,0.081825,0.89578,0.083758,527,-2,-12.73,33,2
0.9043,0.081825,0.89578,0.083758,527,-1.99,-20.47,4,2
0.91717,0.076126,0.88104,0.091211,449,12.08,-16,16,2
0.90706,0.080639,0.88816,0.081428,522,-1.99,14.37,2,2
0.90761,0.0804,0.88854,0.083609,534,-1.99,-11.76,2,2
0.90579,0.081186,0.89403,0.08841,413,11.6,-15.64,152,2
0.89215,0.086865,0.91838,0.094883,169,8.62,-12.41,223,2
0.91206,0.078438,0.8918,0.1022,370,11.66,2.05,355,2
0.88857,0.088294,0.91677,0.090955,188,15.92,7.88,401,2
0.91999,0.074818,0.86933,0.094405,475,13.62,-19.68,33,2
0.91736,0.076039,0.869,0.089735,412,11.92,-19.96,373,2
0.88997,0.087739,0.90518,0.083664,163,-0.08,-18.4,581,2
0.9185,0.07551,0.86471,0.08714,534,4.26,8.56,160,2
0.90436,0.081802,0.88213,0.082555,528,-1.99,-19.24,2,2
0.90436,0.081802,0.88213,0.082555,528,-1.99,-16.68,2,2
0.89775,0.084578,0.88864,0.07924,351,10.82,-4.05,348,2
0.92589,0.072005,0.8505,0.085135,500,16.84,-20.47,17,2
0.92022,0.074711,0.87167,0.10421,514,-1.99,-8.95,535,2
0.9054,0.081353,0.87808,0.080919,525,-1.99,-19.01,2,2
0.9054,0.081353,0.87808,0.080919,525,-1.99,-20.47,2,2
0.9054,0.081353,0.87808,0.080919,525,-1.99,-20.47,2,2
0.9054,0.081353,0.87808,0.080919,525,-1.99,-20.47,2,2
0.90296,0.082397,0.87961,0.078412,293,12.75,12.3,277,2
0.90242,0.082625,0.87872,0.078392,294,2.48,0.4,211,2
0.90825,0.080118,0.8817,0.096427,330,9.93,-20.47,192,2
0.91979,0.074911,0.87011,0.1048,522,2.78,-3.86,457,2
0.92267,0.073555,0.85119,0.083295,557,-1.99,0.72,485,2
0.90302,0.082371,0.8796,0.082419,514,-1.99,-10.23,533,2
0.89792,0.084511,0.90212,0.10541,205,4.93,-20.47,270,2
0.8908,0.087406,0.89798,0.084086,158,17.45,-20.47,2,2
0.90263,0.082537,0.87649,0.080458,337,10.83,12.05,122,2
0.86813,0.096053,0.93063,0.086078,281,-1.93,15.78,748,2
0.90275,0.082486,0.87215,0.075965,392,7.53,-13.77,688,2
0.88224,0.090769,0.92285,0.10858,406,-1.77,8.23,755,2
0.91119,0.078826,0.88148,0.11053,344,15.19,16.19,543,2
0.91001,0.079349,0.86798,0.089285,320,4.1,-20.44,177,2
0.91888,0.075335,0.8636,0.10322,484,-1.99,-20.47,429,2
0.90289,0.082428,0.87666,0.087977,222,10.97,-16.52,291,2
0.90767,0.080371,0.86379,0.080309,523,-1.99,-20.31,2,2
0.90767,0.080371,0.86379,0.080309,523,-1.99,-20.47,2,2
0.90767,0.080371,0.86379,0.080309,523,-1.99,-20.47,2,2
0.90767,0.080371,0.86379,0.080309,523,-1.99,-20.47,2,2
0.90767,0.080371,0.86379,0.080309,523,-1.99,-20.39,2,2
0.90649,0.080885,0.86488,0.079528,281,5.74,-13.93,362,2
0.89483,0.085781,0.88634,0.086072,50,6.99,-9.34,530,2
0.89687,0.084944,0.90179,0.11457,398,-1.89,-11.46,321,2
0.92568,0.072107,0.8377,0.083432,558,4.62,-13.64,166,2
0.9128,0.078109,0.86307,0.092988,484,10.1,0.04,171,2
0.91999,0.074818,0.85914,0.10445,517,-1.99,-20.47,265,2
0.87151,0.094814,0.92651,0.099435,310,-1.99,-20.47,755,2
0.88966,0.087863,0.89914,0.099577,50,11.54,-20.47,2,2
0.88966,0.087863,0.89914,0.099577,50,11.54,-20.47,2,2
0.91645,0.076457,0.8551,0.092845,518,14.36,-12.26,243,2
0.89378,0.086207,0.90388,0.11611,129,15.77,-20.47,362,2
0.91629,0.076528,0.84709,0.081307,550,-0.95,-14.13,26,2
0.92477,0.072548,0.83754,0.086153,520,15.89,-14.5,32,2
0.90585,0.081162,0.87875,0.10637,350,16.59,-9.93,2,2
0.88076,0.091338,0.89622,0.077799,50,14.72,17.07,2,2
0.92111,0.074292,0.8407,0.083807,550,-1.91,0.18,327,2
0.9104,0.079176,0.85137,0.076024,414,16.44,15.36,507,2
0.91901,0.075273,0.85673,0.10359,491,11.08,14.29,248,2
0.92033,0.07466,0.83612,0.075764,328,8.24,-2.56,327,2
0.92796,0.070993,0.83035,0.08424,568,16.58,-12.42,526,2
0.89176,0.087023,0.88906,0.091964,582,-1.56,-3.76,669,2
0.92679,0.07157,0.83358,0.086599,467,8.19,14.42,395,2
0.88103,0.091235,0.89357,0.075561,127,15.53,10.85,29,2
0.91072,0.079032,0.85607,0.084861,462,9.04,0.52,539,2
0.90582,0.081173,0.85878,0.078349,379,4.8,14.75,563,2
0.88791,0.088555,0.90104,0.10241,113,16.67,-20.4,2,2
0.88433,0.089957,0.89933,0.092039,50,14.97,-20.47,2,2
0.90811,0.080181,0.86293,0.090488,218,4.55,14.85,360,2
0.91874,0.0754,0.84079,0.081255,551,-1.79,12.13,130,2
0.91331,0.077877,0.85889,0.09683,281,9.89,-19.32,165,2
0.90815,0.080163,0.86655,0.096891,557,-1.55,11.02,734,2
0.92374,0.073045,0.83548,0.08515,571,8.8,16.9,560,2
0.90221,0.082713,0.86605,0.083362,200,17.87,-0.92,2,2
0.92044,0.074607,0.83667,0.080081,528,-1.99,-20.47,68,2
0.92699,0.071472,0.82803,0.081905,554,6.62,2.39,330,2
0.90248,0.0826,0.86492,0.082758,272,4.71,-11.36,441,2
0.92737,0.071285,0.82641,0.080633,548,-1.99,19.88,304,2
0.88472,0.089807,0.89024,0.082296,320,1.71,3.17,230,2
0.90552,0.081303,0.86107,0.084455,409,11.51,18.52,448,2
0.88786,0.088576,0.88342,0.079082,280,0.32,19.52,278,2
0.91561,0.076837,0.8567,0.10132,304,5.99,9.2,2,2
0.90638,0.080932,0.87439,0.10787,375,11.41,-15.56,674,2
0.89442,0.085946,0.8786,0.087943,50,16.42,-20.47,2,2
0.89442,0.085946,0.8786,0.087943,50,16.42,-20.47,2,2
0.90598,0.081103,0.85746,0.082099,526,-1.99,-20.48,2,2
0.88957,0.087897,0.89844,0.10818,576,0.16,9.94,174,2
0.88061,0.091393,0.8876,0.072453,142,-0.38,-6.46,349,2
0.90859,0.079971,0.85564,0.086263,392,17.87,-4.87,123,2
0.92046,0.074599,0.84715,0.10058,361,16.58,-10.03,138,2
0.88986,0.087784,0.88393,0.088102,496,0.12,3.95,385,2
0.88032,0.091507,0.90722,0.10212,600,-1.99,13.86,574,2
0.90666,0.08081,0.86989,0.1045,431,-1.99,4.57,466,2
0.88593,0.089334,0.89325,0.094238,530,0.62,-10.23,246,2
0.90926,0.079676,0.84893,0.079439,302,2.48,0.4,211,2
0.89516,0.085642,0.89724,0.12077,158,4.62,-16.74,194,2
0.90996,0.07937,0.84519,0.075459,323,3.1,-12.6,449,2
0.88891,0.08816,0.89843,0.10896,588,-0.99,-20.47,542,2
0.88581,0.08938,0.88669,0.085277,510,-0.28,-13.71,514,2
0.88887,0.088174,0.89712,0.10806,591,-0.21,-12.95,701,2
0.88388,0.090134,0.89959,0.10083,547,0.03,16.93,65,2
0.89917,0.08399,0.86584,0.084017,313,16.79,-13.77,462,2
0.92361,0.073104,0.83432,0.091292,567,1.31,15.84,235,2
0.89365,0.08626,0.87874,0.091477,251,-0.19,5.5,566,2
0.87515,0.09346,0.91251,0.10155,504,1.05,16.32,272,2
0.90503,0.081513,0.85575,0.082269,530,-1.99,-20.47,2,2
0.90503,0.081513,0.85575,0.082269,530,-1.99,-20.47,2,2
0.90503,0.081513,0.85575,0.082269,530,-1.99,-20.47,2,2
0.90503,0.081513,0.85575,0.082269,530,-1.99,-20.45,2,2
0.90503,0.081513,0.85575,0.082269,530,-1.99,-20.47,2,2
0.88793,0.088549,0.89239,0.099611,582,0.65,15.55,64,2
0.91727,0.076078,0.83331,0.075957,379,9.33,3.18,240,2
0.88718,0.088844,0.88917,0.093327,527,0.24,-0.45,385,2
0.89977,0.083741,0.86753,0.088741,465,7.09,-19.49,450,2
0.9232,0.0733,0.82991,0.084402,551,-1.99,-20.47,194,2
0.89788,0.084524,0.86181,0.076007,364,15.65,13.05,361,2
0.8917,0.087047,0.88711,0.10043,193,13.82,-19.27,162,2
0.8917,0.087047,0.88711,0.10043,193,13.82,-20.47,162,2
0.91736,0.076038,0.84255,0.090479,525,5.68,-20.48,235,2
0.9276,0.07117,0.82159,0.081987,550,-1.99,9.28,207,2
0.90604,0.08108,0.8584,0.089148,450,-1.72,-14.25,504,2
0.90604,0.08108,0.8584,0.089148,450,-1.72,-14.25,504,2
0.90737,0.080502,0.86029,0.094939,409,10.21,-16.83,165,2
0.91869,0.075425,0.8344,0.081391,549,-0.96,0.78,27,2
0.9233,0.073254,0.84443,0.10703,527,3.57,4.33,606,2
0.90255,0.082572,0.86025,0.0846,292,8.89,-20.47,199,2
0.92479,0.072538,0.83603,0.097847,389,13.36,-1.75,121,2
0.91689,0.076255,0.83731,0.08225,555,-1.99,-20.47,1,2
0.88303,0.090462,0.90324,0.1064,412,-0.55,-10.88,214,2
0.88303,0.090462,0.90324,0.1064,412,-1.35,13.46,2,2
0.91517,0.077037,0.84032,0.08305,434,10.82,-19.41,28,2
0.9205,0.074577,0.82822,0.076823,448,13.3,-12.8,65,2
0.92502,0.07243,0.82856,0.087469,587,7.63,-6.62,489,2
0.90406,0.081927,0.85651,0.083017,531,-1.99,-20.47,2,2
0.91767,0.075895,0.8359,0.082366,554,-1.99,-20.47,1,2
0.92367,0.073076,0.83546,0.095281,551,-0.68,-20,129,2
0.91753,0.075962,0.84475,0.095644,443,13.04,-12.01,116,2
0.90852,0.08,0.84723,0.079546,417,6.18,-20.05,529,2
0.88294,0.090497,0.90313,0.10699,413,-1.83,-15.28,2,2
0.88294,0.090497,0.90313,0.10699,413,-0.71,-15.99,114,2
0.89493,0.08574,0.86616,0.077964,408,6.97,-19.01,282,2
0.90386,0.082014,0.85653,0.083697,528,-1.99,-14.77,2,2
0.90513,0.081468,0.85034,0.077262,497,-1.99,-20.47,527,2
0.88971,0.087842,0.87211,0.075911,390,6.69,-18.63,639,2
0.90809,0.080189,0.86436,0.10489,448,-1.99,-20.32,542,2
0.92931,0.070327,0.82726,0.096684,535,4.42,18.11,238,2
0.88147,0.091064,0.88568,0.078312,163,15.08,-20.47,90,2
0.88167,0.090989,0.90349,0.10569,411,-1.99,-4.79,2,2
0.88167,0.090989,0.90349,0.10569,411,-1.99,16.01,10,2
0.88167,0.090989,0.90349,0.10569,411,-1.99,16.04,347,2
0.88167,0.090989,0.90349,0.10569,411,-1.99,-4.56,338,2
0.88167,0.090989,0.90349,0.10569,411,-1.99,-19.92,2,2
0.88167,0.090989,0.90349,0.10569,411,-1.99,-20.47,2,2
0.88167,0.090989,0.90349,0.10569,411,-1.99,-20.47,2,2
0.88167,0.090989,0.90349,0.10569,411,-1.89,-18.56,19,2
0.89281,0.086597,0.89833,0.12266,50,4.62,-20.47,194,2
0.88849,0.088325,0.87605,0.079991,200,17.23,-11.45,2,2
0.90085,0.08329,0.8616,0.08563,308,8.93,-6.59,125,2
0.87483,0.093579,0.89522,0.079234,222,0.06,12.04,252,2
0.90101,0.083219,0.88066,0.11502,288,5.04,5.12,356,2
0.91531,0.076976,0.8381,0.082946,540,-1.99,-20.47,2,2
0.91531,0.076976,0.8381,0.082946,540,-1.99,-20.47,2,2
0.88119,0.091171,0.90301,0.10501,410,-1.99,15.36,2,2
0.88528,0.089589,0.88142,0.081773,423,13.33,-20.24,28,2
0.89378,0.086205,0.89409,0.11954,449,2.97,-11.47,721,2
0.88609,0.089273,0.88479,0.08907,539,-0.65,10.27,654,2
0.92302,0.073388,0.83976,0.10365,319,7.23,-8.21,187,2
0.88789,0.088562,0.88118,0.088213,173,13.96,18.72,142,2
0.91045,0.079154,0.84377,0.082032,451,15.39,10.84,122,2
0.92855,0.070704,0.83521,0.10986,190,13.93,-11.91,207,2
0.89687,0.084943,0.86948,0.090888,263,10.42,2.34,380,2
0.89433,0.085982,0.8673,0.082105,325,13.1,-13.44,321,2
0.88185,0.090919,0.90247,0.10757,414,-0.29,-20.47,2,2
0.88185,0.090919,0.90247,0.10757,414,-1.99,-10.68,118,2
0.88185,0.090919,0.90247,0.10757,414,-0.38,-1.33,87,2
0.88185,0.090919,0.90247,0.10757,414,-1.99,-13.15,258,2
0.88895,0.088143,0.88826,0.10194,583,-1.99,-10.25,606,2
0.89336,0.086375,0.86582,0.078017,481,-1.99,-20.47,49,2
0.88062,0.09139,0.90215,0.10459,409,-1.99,-20.47,450,2
0.88062,0.09139,0.90215,0.10459,409,-1.99,18.12,2,2
0.88062,0.09139,0.90215,0.10459,409,-1.99,-20.47,93,2
0.88062,0.09139,0.90215,0.10459,409,-1.99,-10.52,2,2
0.88062,0.09139,0.90215,0.10459,409,-1.47,10.21,372,2
0.88807,0.088494,0.87992,0.087613,377,0.4,1.31,211,2
0.8883,0.0884,0.88851,0.10142,559,-1.36,-20.28,145,2
0.91565,0.076822,0.8362,0.083728,544,-1.71,-18.78,2,2
0.91565,0.076822,0.8362,0.083728,544,-1.99,-20.47,2,2
0.91565,0.076822,0.8362,0.083728,544,-1.99,-20.35,2,2
0.90649,0.080885,0.84747,0.080436,495,-1.99,10.22,164,2
0.88026,0.091528,0.89838,0.099063,80,12.26,-10.34,54,2
0.91813,0.075681,0.84602,0.10431,201,9.1,-10.65,306,2
0.90259,0.082554,0.8666,0.10071,331,12.51,15.31,210,2
0.88722,0.088827,0.88644,0.096951,500,0.67,-8,60,2
0.93029,0.069839,0.82832,0.10594,395,10.09,-20.47,2,2
0.90454,0.081725,0.8474,0.077835,176,5.91,-20.47,218,2
0.92607,0.071919,0.82724,0.095644,601,-1.99,-12.87,2,2
0.91755,0.075951,0.83132,0.082939,550,-1.93,-20.47,1,2
0.92396,0.07294,0.83258,0.099263,547,-1.99,16.93,65,2
0.90547,0.081324,0.85804,0.096631,384,-1.99,9.44,65,2
0.90686,0.080723,0.84671,0.082828,533,-1.99,-20.47,2,2
0.90686,0.080723,0.84671,0.082828,533,-1.99,-20.47,2,2
0.90686,0.080723,0.84671,0.082828,533,-1.99,-20.47,2,2
0.90686,0.080723,0.84671,0.082828,533,-1.99,19.81,2,2
0.85771,0.099775,0.90974,0.069585,50,9.55,-20.47,2,2
0.85771,0.099775,0.90974,0.069585,50,9.55,-20.47,2,2
0.92566,0.072117,0.82799,0.096738,639,-1.99,-20.47,2,2
0.92749,0.071223,0.82498,0.096422,654,18.24,-15.86,529,2
0.90309,0.08234,0.8525,0.083368,530,-0.79,17.61,2,2
0.89397,0.08613,0.87963,0.10408,255,3.53,10.67,271,2
0.90816,0.080157,0.85448,0.097753,485,-0.5,-19.78,737,2
0.88041,0.091472,0.89942,0.1041,408,-0.79,-18.24,3,2
0.88041,0.091472,0.89942,0.1041,408,-0.31,-19.19,2,2
0.88041,0.091472,0.89942,0.1041,408,-1.99,4.95,577,2
0.88041,0.091472,0.89942,0.1041,408,-1.99,-20.47,2,2
0.88041,0.091472,0.89942,0.1041,408,-1.78,-20.32,1,2
0.88041,0.091472,0.89942,0.1041,408,-1.99,-20.47,141,2
0.88041,0.091472,0.89942,0.1041,408,-1.76,-11.87,125,2
0.88041,0.091472,0.89942,0.1041,408,-0.3,-7.15,491,2
0.91611,0.076612,0.83287,0.083126,543,-1.99,-20.47,2,2
0.91611,0.076612,0.83287,0.083126,543,-1.67,2.75,383,2
0.91611,0.076612,0.83287,0.083126,543,-1.79,-19.99,2,2
0.92599,0.071959,0.82656,0.095792,648,2.34,-10.86,349,2
0.91579,0.076758,0.83323,0.082994,551,-1.99,-20.15,2,2
0.91579,0.076758,0.83323,0.082994,551,-1.99,-20.15,2,2
0.91579,0.076758,0.83323,0.082994,551,-1.99,-20.47,2,2
0.91579,0.076758,0.83323,0.082994,551,-1.99,-20.47,2,2
0.91579,0.076758,0.83323,0.082994,551,-1.99,-20.47,2,2
0.90703,0.08065,0.85623,0.098097,495,-0.5,-18.18,737,2
0.9263,0.071806,0.8259,0.095844,602,-0.54,-15.87,2,2
0.88735,0.088778,0.88097,0.092091,547,0.57,-0.3,195,2
0.90037,0.083491,0.86142,0.091477,340,16.92,-20.47,517,2
0.89254,0.086708,0.865,0.079689,194,5.57,-3.29,298,2
0.90509,0.081487,0.84717,0.080737,444,13.99,11.82,333,2
0.91281,0.078103,0.84351,0.092377,521,11.54,4.35,132,2
0.88928,0.088015,0.87009,0.080238,155,17.44,0.55,663,2
0.92514,0.072372,0.82805,0.096745,638,-1.99,12.07,1,2
0.92514,0.072372,0.82805,0.096745,638,-1.48,-20.47,2,2
0.89453,0.0859,0.87604,0.10077,142,15.64,17.28,2,2
0.92228,0.073739,0.82994,0.093408,563,12.65,10.71,583,2
0.90403,0.08194,0.84978,0.08259,529,-1.99,-20.29,2,2
0.90403,0.08194,0.84978,0.08259,529,-1.99,-20.47,2,2
0.90403,0.08194,0.84978,0.08259,529,-1.99,-20.47,2,2
0.90403,0.08194,0.84978,0.08259,529,-0.07,-20.47,2,2
0.88384,0.090149,0.89247,0.10215,96,13.49,-3.3,2,2
0.89335,0.086382,0.87935,0.10336,331,9.95,14.99,2,2
0.9121,0.078418,0.8387,0.084163,538,-1.99,-10.65,2,2
0.92591,0.071996,0.8265,0.096708,640,-1.43,19.25,196,2
0.92591,0.071996,0.8265,0.096708,640,-0.4,18.14,20,2
0.90388,0.082006,0.84666,0.077974,178,5.91,-8.51,218,2
0.89248,0.086731,0.86455,0.080006,391,10.43,2.26,418,2
0.9267,0.071612,0.82469,0.096262,603,-1.99,-20.47,2,2
0.92156,0.074082,0.82683,0.087977,560,3.46,15.21,279,2
0.88408,0.090056,0.89638,0.10937,356,7.11,7.29,644,2
0.90351,0.082162,0.86416,0.1039,391,6.59,-4.81,645,2
0.92598,0.071963,0.82596,0.096665,640,-1.99,-20.47,212,2
0.9263,0.071807,0.82489,0.095959,661,-1.99,-20.47,64,2
0.9263,0.071807,0.82489,0.095959,661,-0.6,-20.47,297,2
0.91777,0.075851,0.82957,0.083898,546,-1.91,-20.47,2,2
0.91777,0.075851,0.82957,0.083898,546,-1.99,-20.47,2,2
0.9213,0.074205,0.82377,0.083185,554,-1.99,-20.47,2,2
0.9213,0.074205,0.82377,0.083185,554,-1.99,-20.47,2,2
0.87811,0.092347,0.88394,0.078024,50,14.91,16.02,2,2
0.88661,0.089068,0.88534,0.09884,511,0.26,-16.84,136,2
0.919,0.075281,0.8402,0.10285,517,9.39,8.63,377,2
0.92582,0.07204,0.82585,0.096688,641,-1.64,-5.98,1,2
0.90019,0.083566,0.88407,0.127,212,16.24,8.33,517,2
0.92545,0.072219,0.82636,0.096657,607,6.17,-5.71,447,2
0.92526,0.07231,0.82673,0.096795,637,-1.99,-20.47,2,2
0.92531,0.072288,0.82592,0.095788,601,-0.07,-20.47,2,2
0.92531,0.072288,0.82592,0.095788,601,-1.97,-20.43,2,2
0.92531,0.072288,0.82592,0.095788,601,-1.99,-20.47,2,2
0.92531,0.072288,0.82592,0.095788,601,-1.99,-20.47,2,2
0.92531,0.072288,0.82592,0.095788,601,-1.99,-20.47,2,2
0.92531,0.072288,0.82592,0.095788,601,-1.99,-20.47,2,2
0.92386,0.072987,0.82985,0.098457,577,-1.99,-20.47,99,2
0.88967,0.08786,0.87323,0.087796,578,-1.99,-5.04,669,2
0.88402,0.090078,0.89217,0.10389,454,0.24,14.69,282,2
0.88662,0.089066,0.8915,0.10858,50,11.4,-20.47,2,2
0.88923,0.088034,0.87435,0.088622,567,-1.99,-4.01,615,2
0.88747,0.08873,0.87994,0.093228,408,0.17,1.35,456,2
0.92613,0.071891,0.82548,0.097283,609,-1.99,-20.47,2,2
0.92613,0.071891,0.82548,0.097283,609,-1.99,-20.47,2,2
0.9252,0.072341,0.82625,0.096415,605,12.1,4.29,533,2
0.92501,0.072432,0.82576,0.09528,599,-1.99,11.85,2,2
0.92501,0.072432,0.82576,0.09528,599,-1.99,-15.35,2,2
0.92608,0.071915,0.82488,0.096411,604,-1.99,-14.39,2,2
0.92608,0.071915,0.82488,0.096411,604,-0.31,-17.59,2,2
0.89103,0.087316,0.87475,0.093465,84,10.39,-12.69,51,2
0.92535,0.07227,0.82589,0.096359,604,16.64,4.59,392,2
0.88541,0.089537,0.8877,0.10059,198,8.17,5.22,178,2
0.92586,0.072019,0.8253,0.096675,642,-1.99,-19.83,258,2
0.92367,0.073075,0.81831,0.081346,549,-1.99,-20.47,84,2
0.92686,0.071534,0.82369,0.096605,662,-1.99,-20.47,139,2
0.92672,0.071604,0.82389,0.096614,604,-1.99,-20.47,2,2
0.92672,0.071604,0.82389,0.096614,604,-1.99,-20.47,2,2
0.88107,0.091219,0.89898,0.10814,415,-1.99,2.25,2,2
0.88107,0.091219,0.89898,0.10814,415,-1.66,-20.47,2,2
0.88107,0.091219,0.89898,0.10814,415,-1.99,-20.47,2,2
0.88107,0.091219,0.89898,0.10814,415,-1.99,4.44,383,2
0.88494,0.089721,0.88182,0.0909,336,17.2,-19.96,435,2
0.92519,0.072345,0.82497,0.094895,598,-1.99,-16.51,2,2
0.92519,0.072345,0.82497,0.094895,598,-1.99,-15.35,2,2
0.91461,0.077294,0.83065,0.079805,428,8.42,-7.97,334,2
0.92652,0.0717,0.82422,0.096827,606,-1.99,-20.47,2,2
0.92652,0.0717,0.82422,0.096827,606,-1.99,-20.47,2,2
0.92659,0.071664,0.82373,0.096257,601,11.08,-6.69,211,2
0.89105,0.087308,0.8685,0.084552,175,14.63,-15.66,649,2
0.91765,0.075903,0.82808,0.08283,541,-1.56,-12.21,1,2
0.91765,0.075903,0.82808,0.08283,541,-1.56,-9.29,1,2
0.9255,0.072197,0.82545,0.096492,604,5.32,-5.28,401,2
0.92578,0.072061,0.82463,0.095947,644,11.99,-15.87,420,2
0.92631,0.071801,0.82381,0.096087,664,-1.99,-20.47,6,2
0.92602,0.071942,0.82493,0.097135,608,-1.99,-20.47,2,2
0.89885,0.084125,0.87868,0.11736,409,11.45,18.44,448,2
0.92618,0.071866,0.82378,0.095828,646,13.5,-8.36,258,2
0.92612,0.071897,0.82436,0.096696,604,8.3,0.28,300,2
0.92619,0.071862,0.82381,0.096034,663,-1.99,-20.47,9,2
0.92209,0.073831,0.8343,0.10263,323,17.7,-17.44,523,2
0.91384,0.077639,0.84782,0.10453,484,4.81,-14.84,468,2
0.92627,0.071824,0.82398,0.096633,644,-1.47,3.57,146,2
0.92627,0.071824,0.82398,0.096633,644,-1.99,15.02,82,2
0.92617,0.071873,0.82409,0.096652,643,-1.99,10.36,321,2
0.92546,0.072215,0.82453,0.095745,600,-1.99,-20.47,2,2
0.92546,0.072215,0.82453,0.095745,600,-1.99,-19.62,2,2
0.92556,0.072165,0.82453,0.095986,602,-1.99,-20.47,2,2
0.92556,0.072165,0.82453,0.095986,602,-1.99,-20.47,2,2
0.92556,0.072165,0.82453,0.095986,602,-1.99,-20.47,2,2
0.92619,0.071859,0.82317,0.095419,643,4.34,-13.09,447,2
0.89073,0.087436,0.87486,0.094226,336,-1.99,-20.47,65,2
0.92657,0.071677,0.82352,0.096805,669,-1.99,-20.33,6,2
0.91629,0.076527,0.82977,0.083262,549,-1.99,-20.47,2,2
0.91629,0.076527,0.82977,0.083262,549,-1.99,-20.47,2,2
0.91629,0.076527,0.82977,0.083262,549,-1.99,-13.76,2,2
0.91629,0.076527,0.82977,0.083262,549,-1.99,-13.76,2,2
0.91629,0.076527,0.82977,0.083262,549,-1.99,-13.66,2,2
0.91629,0.076527,0.82977,0.083262,549,-1.99,-20.41,2,2
0.91629,0.076527,0.82977,0.083262,549,-1.99,-13.67,2,2
0.92626,0.071824,0.82402,0.096945,607,-1.99,-20.45,2,2
0.88902,0.088115,0.8981,0.12549,314,12.17,-12.1,515,2
0.92824,0.070856,0.81118,0.082323,533,4.06,1.11,322,2
0.92565,0.072122,0.82376,0.095414,599,-1.99,-20.47,2,2
0.92565,0.072122,0.82376,0.095414,599,-1.99,-20.47,2,2
0.92565,0.072122,0.82376,0.095414,599,-1.99,-20.47,2,2
0.92565,0.072122,0.82376,0.095414,599,-1.95,-20.47,2,2
0.88052,0.091427,0.89573,0.10346,407,-1.99,-20.47,2,2
0.88052,0.091427,0.89573,0.10346,407,-1.68,-8.91,20,2
0.88052,0.091427,0.89573,0.10346,407,-1.99,-15.62,2,2
0.88052,0.091427,0.89573,0.10346,407,-1.99,-10.23,2,2
0.89916,0.083994,0.86545,0.099188,322,-1.99,-0.41,18,2
0.92348,0.073168,0.82526,0.093023,592,-1.94,1.67,484,2
0.92674,0.071591,0.82241,0.09611,601,-1.99,-3.84,80,2
0.88954,0.08791,0.86961,0.084341,192,10.6,-19.84,33,2
0.88965,0.087867,0.88275,0.10431,176,5.63,-11.81,2,2
0.92332,0.073247,0.82531,0.092821,592,-1.99,-20.47,2,2
0.92332,0.073247,0.82531,0.092821,592,-1.99,-20.47,2,2
0.92332,0.073247,0.82531,0.092821,592,-1.99,-20.47,2,2
0.92332,0.073247,0.82531,0.092821,592,-1.99,-19.99,2,2
0.89988,0.083693,0.87043,0.10844,298,-1.99,-20.47,454,2
0.8876,0.088679,0.88722,0.10658,334,3.13,19.84,608,2
0.92564,0.072128,0.82486,0.09752,611,-1.99,-20.47,2,2
0.92564,0.072128,0.82486,0.09752,611,-1.99,-20.47,2,2
0.92564,0.072128,0.82486,0.09752,611,-1.93,-20.47,2,2
0.92608,0.071913,0.82232,0.094739,602,-1.99,0.01,2,2
0.92325,0.073279,0.8256,0.093342,593,-1.99,-20.47,2,2
0.92601,0.07195,0.82348,0.096387,644,2.97,-8.7,113,2
0.88591,0.089343,0.88197,0.095412,359,10.53,6.32,175,2
0.91858,0.075475,0.8373,0.10073,519,7.06,19.39,494,2
0.92552,0.072184,0.8234,0.095444,635,12.33,8.04,292,2
0.9015,0.083013,0.86254,0.1007,367,16.02,2.17,578,2
0.90776,0.080333,0.84166,0.083252,516,-1.99,14.49,15,2
0.92528,0.072304,0.82466,0.09695,635,-1.99,-20.47,2,2
0.92528,0.072304,0.82466,0.09695,635,-1.99,-20.47,2,2
0.92528,0.072304,0.82466,0.09695,635,-1.99,-20.47,2,2
0.92528,0.072304,0.82466,0.09695,635,-1.99,10.86,2,2
0.92462,0.072623,0.81988,0.088371,537,10.16,-1.8,219,2
0.91606,0.076633,0.82907,0.083054,550,-1.99,-20.47,2,2
0.91606,0.076633,0.82907,0.083054,550,-1.99,-20.47,2,2
0.91606,0.076633,0.82907,0.083054,550,-1.99,-20.47,2,2
0.92499,0.072441,0.82466,0.096436,634,-1.99,-20.39,8,2
0.92252,0.073626,0.81925,0.082833,530,16.19,17,82,2
0.92517,0.072357,0.82467,0.096894,636,-1.99,-20.47,2,2
0.92517,0.072357,0.82467,0.096894,636,-1.99,-20.47,2,2
0.92517,0.072357,0.82467,0.096894,636,-1.99,-20.47,2,2
0.92517,0.072357,0.82467,0.096894,636,-1.99,-20.47,2,2
0.92517,0.072357,0.82467,0.096894,636,-1.99,-20.47,2,2
0.92517,0.072357,0.82467,0.096894,636,-1.99,-20.47,2,2
0.92517,0.072357,0.82467,0.096894,636,-1.99,-20.47,2,2
0.87426,0.093793,0.90313,0.10213,296,8.86,-18.03,134,2
0.92652,0.071702,0.82187,0.095803,647,-1.93,-14.49,289,2
0.9252,0.072343,0.82624,0.09952,556,-1.99,13.34,80,2
0.92575,0.072076,0.82358,0.096898,633,14.86,-6.02,159,2
0.92364,0.073089,0.82443,0.093484,593,-1.64,-6.3,321,2
0.92502,0.07243,0.82511,0.097725,615,-1.99,-20.41,2,2
0.92502,0.07243,0.82511,0.097725,615,-1.99,-20.47,2,2
0.92502,0.07243,0.82511,0.097725,615,-1.99,-20.47,2,2
0.92502,0.07243,0.82511,0.097725,615,-1.99,-20.47,2,2
0.92502,0.07243,0.82511,0.097725,615,-1.99,-20.47,2,2
0.92502,0.07243,0.82511,0.097725,615,-1.99,-20.23,2,2
0.92565,0.072122,0.82279,0.095716,639,-1.99,-20.47,122,2
0.90444,0.081768,0.84571,0.082858,528,-1.99,-20.47,2,2
0.90444,0.081768,0.84571,0.082858,528,-1.99,-20.47,2,2
0.92338,0.073215,0.82478,0.093755,594,-1.99,-19.41,2,2
0.92338,0.073215,0.82478,0.093755,594,-1.99,-19.41,2,2
0.92338,0.073215,0.82478,0.093755,594,-1.99,-20.47,2,2
0.92338,0.073215,0.82478,0.093755,594,-1.99,-20.47,2,2
0.88573,0.089414,0.89899,0.1217,298,14.55,10.18,14,2
0.9259,0.072001,0.82269,0.096308,620,-1.99,-20.47,190,2
0.88604,0.089291,0.89432,0.11542,288,-1.78,-3.19,129,2
0.92376,0.073036,0.82623,0.096978,606,-1.93,-20.47,238,2
0.92559,0.07215,0.82339,0.096879,607,-1.99,-15.81,2,2
0.92559,0.07215,0.82339,0.096879,607,-1.99,-15.35,2,2
0.9264,0.071757,0.82197,0.09659,644,15.74,-11.22,433,2
0.90545,0.081334,0.84066,0.077938,489,10.14,0.04,171,2
0.91286,0.07808,0.83316,0.083147,539,-1.99,-20.47,2,2
0.92407,0.072888,0.81634,0.082949,557,-1.99,16.07,1,2
0.89036,0.087581,0.88959,0.11808,588,-1.63,-20.47,542,2
0.92772,0.071113,0.82099,0.098217,502,15.98,12.57,187,2
0.92082,0.074427,0.83945,0.11052,516,11.77,-2.04,366,2
0.88316,0.090414,0.87841,0.085662,198,11.51,-20.47,2,2
0.90244,0.082619,0.84854,0.08332,327,10.43,2.34,482,2
0.92659,0.071664,0.82048,0.095122,590,11.44,14.62,390,2
0.88631,0.089184,0.89834,0.1226,256,1.33,-15.64,304,2
0.82332,0.11118,0.94431,0.054655,194,8.48,-10.72,346,2
0.92617,0.071869,0.82153,0.095916,654,-1.8,-20.08,102,2
0.92617,0.071869,0.82153,0.095916,654,-1.67,-20.47,3,2
0.92339,0.073213,0.82462,0.094314,595,-1.99,-20.47,2,2
0.92339,0.073213,0.82462,0.094314,595,-1.99,-20.47,2,2
0.92339,0.073213,0.82462,0.094314,595,-1.99,-20.47,2,2
0.92523,0.072327,0.82363,0.096971,634,-1.99,-20.47,2,2
0.92523,0.072327,0.82363,0.096971,634,-1.99,-20.47,2,2
0.92437,0.07274,0.82448,0.09635,603,-1.99,-20.47,485,2
0.925,0.072438,0.82107,0.092748,596,-1.99,-20.47,293,2
0.88645,0.089132,0.87628,0.090236,50,16.22,-20.47,2,2
0.88645,0.089132,0.87628,0.090236,50,16.22,-20.47,2,2
0.88645,0.089132,0.87628,0.090236,50,16.22,-20.47,2,2
0.88645,0.089132,0.87628,0.090236,50,16.22,-20.47,2,2
0.88645,0.089132,0.87628,0.090236,50,16.22,-20.47,2,2
0.92545,0.07222,0.82236,0.095822,650,2.34,9.62,349,2
0.92594,0.071981,0.82256,0.097251,640,-1.99,-20.47,2,2
0.92594,0.071981,0.82256,0.097251,640,-1.99,-20.47,2,2
0.92594,0.071981,0.82256,0.097251,640,-1.99,-20.47,2,2
0.92594,0.071981,0.82256,0.097251,640,-1.99,-17.27,2,2
0.92594,0.071981,0.82256,0.097251,640,-1.52,-12.8,19,2
0.92594,0.071981,0.82256,0.097251,640,-1.52,-12.8,19,2
0.90363,0.082113,0.84326,0.078623,513,-1.99,-19.67,85,2
0.92158,0.074072,0.8197,0.08332,559,-1.99,-20.39,2,2
0.92158,0.074072,0.8197,0.08332,559,-1.99,-20.15,2,2
0.92501,0.072431,0.82417,0.097723,614,-1.88,-20.47,2,2
0.92501,0.072431,0.82417,0.097723,614,-1.03,-20.47,2,2
0.92501,0.072431,0.82417,0.097723,614,-1.99,-20.47,2,2
0.92501,0.072431,0.82417,0.097723,614,-1.99,-20.47,2,2
0.92501,0.072431,0.82417,0.097723,614,-1.99,-20.45,2,2
0.92637,0.071771,0.82264,0.098514,615,-1.99,2.6,125,2
0.83303,0.10808,0.93335,0.059795,50,16.58,10.26,614,2
0.90325,0.082272,0.85691,0.098496,211,15.31,-18.43,451,2
0.90669,0.080799,0.83827,0.078159,301,9.24,1.36,362,2
0.90907,0.079759,0.83508,0.078732,525,-1.28,-18.08,3,2
0.90907,0.079759,0.83508,0.078732,525,-1.52,9.2,36,2
0.91722,0.076104,0.82885,0.087591,424,3.03,13.71,222,2
0.92429,0.072782,0.82513,0.097811,614,-1.99,-20.47,17,2
0.92429,0.072782,0.82513,0.097811,614,-1.99,-11.17,2,2
0.92429,0.072782,0.82513,0.097811,614,-1.88,-10.8,2,2
0.89596,0.085317,0.88868,0.13028,296,17.48,18,524,2
0.92424,0.072806,0.82275,0.094205,594,-1.35,-20.47,20,2
0.8343,0.10767,0.93179,0.060488,208,-1.48,-19.04,225,2
0.925,0.072436,0.82377,0.097492,622,-1.61,-20.47,307,2
0.92475,0.072558,0.82353,0.096574,631,-1.99,-20.47,2,2
0.92475,0.072558,0.82353,0.096574,631,-1.99,-20.47,2,2
0.90573,0.081212,0.83935,0.078016,512,-1.99,-20.47,2,2
0.90573,0.081212,0.83935,0.078016,512,-1.99,-20.47,2,2
0.90573,0.081212,0.83935,0.078016,512,-1.67,-20.47,2,2
0.90573,0.081212,0.83935,0.078016,512,-1.67,-20.47,2,2
0.90573,0.081212,0.83935,0.078016,512,-1.99,-20.47,2,2
0.90573,0.081212,0.83935,0.078016,512,-1.99,-20.47,2,2
0.90573,0.081212,0.83935,0.078016,512,-1.99,19.9,2,2
0.92462,0.072623,0.82314,0.095777,600,-1.75,-15.32,443,2
0.90563,0.081257,0.83955,0.078143,513,-1.35,-20.47,2,2
0.90563,0.081257,0.83955,0.078143,513,-1.99,-20.47,2,2
0.90563,0.081257,0.83955,0.078143,513,-1.93,-20.15,2,2
0.92477,0.072549,0.82558,0.099845,527,-1.99,-20.47,99,2
0.92591,0.071996,0.82103,0.095612,640,-1.99,-20.39,12,2
0.90789,0.080275,0.83954,0.083215,389,4.14,-1.77,182,2
0.92266,0.073561,0.81797,0.083749,556,-1.99,13.3,2,2
0.92626,0.071827,0.82089,0.096298,604,6.4,-20.47,293,2
0.92405,0.072895,0.82351,0.095306,597,-1.99,-20.47,2,2
0.92405,0.072895,0.82351,0.095306,597,-1.99,-20.47,2,2
0.92405,0.072895,0.82351,0.095306,597,-1.65,-20.47,2,2
0.92405,0.072895,0.82351,0.095306,597,-1.99,-20.47,2,2
0.92629,0.071814,0.82023,0.09544,647,3.71,-19.92,383,2
0.92507,0.072402,0.82312,0.097053,632,-1.99,-9.4,2,2
0.92507,0.072402,0.82312,0.097053,632,-1.99,10.08,2,2
0.90785,0.080294,0.83947,0.083207,491,-1.99,-20.47,236,2
0.90974,0.079467,0.83766,0.084707,513,-1.99,19.57,532,2
0.90721,0.080573,0.84,0.082693,534,-1.99,-20.47,2,2
0.90721,0.080573,0.84,0.082693,534,-1.99,-20.47,2,2
0.8949,0.085752,0.85545,0.078695,402,5.56,-20.47,353,2
0.88,0.091626,0.89159,0.10017,50,3.73,-20.47,2,2
0.9254,0.072244,0.82265,0.097247,639,-2,-12.79,2,2
0.90425,0.081847,0.84117,0.077985,510,-1.99,19.76,124,2
0.92477,0.072548,0.82339,0.097059,627,-1.99,7.57,2,2
0.92477,0.072548,0.82339,0.097059,627,-1.99,-20.47,2,2
0.92477,0.072548,0.82339,0.097059,627,-1.99,-20.47,2,2
0.92477,0.072548,0.82339,0.097059,627,-1.99,-20.15,2,2
0.92464,0.072613,0.82399,0.097723,611,-1.4,-20.47,56,2
0.92621,0.071849,0.82129,0.097211,640,-1.43,16.69,308,2
0.88955,0.087906,0.88481,0.11113,594,-0.93,8.72,575,2
0.90407,0.081924,0.84187,0.078765,517,-1.52,-20.47,1,2
0.9265,0.071711,0.81792,0.092851,581,17.25,20.01,448,2
0.89124,0.087232,0.86847,0.090416,584,-1.99,12.43,677,2
0.92437,0.072741,0.82441,0.09791,613,-0.77,-19.82,209,2
0.90619,0.081016,0.8392,0.079588,516,-1.99,-20.47,2,2
0.90619,0.081016,0.8392,0.079588,516,-1.99,-20.47,2,2
0.90619,0.081016,0.8392,0.079588,516,-1.99,-20.47,2,2
0.90619,0.081016,0.8392,0.079588,516,-1.99,-20.47,2,2
0.92594,0.071984,0.82149,0.097033,631,12.1,-3.64,125,2
0.92526,0.07231,0.82167,0.095864,602,-1.99,-10.25,2,2
0.92498,0.072445,0.82252,0.096512,632,-1.99,-20.47,258,2
0.92498,0.072445,0.82252,0.096512,632,-1.99,-20.03,2,2
0.92498,0.072445,0.82252,0.096512,632,-1.99,-20.47,2,2
0.92498,0.072445,0.82252,0.096512,632,-1.86,-20.47,2,2
0.89654,0.08508,0.87876,0.11767,386,13.51,-13.02,211,2
0.90722,0.080568,0.83756,0.07958,513,-1.93,-13.29,2,2
0.92657,0.071674,0.82009,0.09653,657,-2,-17.92,125,2
0.90431,0.081822,0.8421,0.080003,446,13.99,12.46,333,2
0.90649,0.080882,0.83829,0.079167,513,-1.99,-20.47,340,2
0.90647,0.080891,0.83844,0.07935,514,-1.99,14.29,2,2
0.90647,0.080891,0.83844,0.07935,514,-1.99,17.63,2,2
0.90647,0.080891,0.83844,0.07935,514,-1.99,16.35,2,2
0.90647,0.080891,0.83844,0.07935,514,-1.41,17.65,17,2
0.895,0.085709,0.86033,0.086837,198,17.93,-1.5,323,2
0.92567,0.072112,0.82058,0.095367,638,-1.99,-20.47,50,2
0.92567,0.072112,0.82058,0.095367,638,-1.52,-3.31,78,2
0.92567,0.072112,0.82058,0.095367,638,-1.68,-12.8,9,2
0.90935,0.079637,0.8338,0.078819,526,-1.88,-19.68,52,2
0.90586,0.081156,0.83961,0.079811,517,-1.99,-20.47,2,2
0.90586,0.081156,0.83961,0.079811,517,-1.99,-20.47,2,2
0.90586,0.081156,0.83961,0.079811,517,-0.71,-20.47,2,2
0.92598,0.071963,0.81386,0.086029,579,-1.99,10.36,261,2
0.92511,0.072384,0.82278,0.097468,628,-1.99,-5.83,388,2
0.9253,0.072294,0.82218,0.097004,633,-1.99,-20.47,2,2
0.9253,0.072294,0.82218,0.097004,633,-1.99,-19.19,2,2
0.92423,0.072811,0.82432,0.0978,613,-1.99,-14.49,2,2
0.92621,0.071853,0.82095,0.097231,641,-1.99,-20.47,2,2
0.92621,0.071853,0.82095,0.097231,641,-1.99,20.36,2,2
0.92242,0.073674,0.81745,0.083497,557,-1.99,14.84,2,2
0.92242,0.073674,0.81745,0.083497,557,-1.79,-20.47,2,2
0.92242,0.073674,0.81745,0.083497,557,-1.99,-20.47,2,2
0.92242,0.073674,0.81745,0.083497,557,-1.99,-20.47,2,2
0.92242,0.073674,0.81745,0.083497,557,-1.99,-20.47,2,2
0.92242,0.073674,0.81745,0.083497,557,-1.99,-20.47,2,2
0.90639,0.080928,0.8385,0.079462,515,-1.99,-20.47,2,2
0.90639,0.080928,0.8385,0.079462,515,-1.99,-20.47,2,2
0.90639,0.080928,0.8385,0.079462,515,-1.67,-20.31,383,2
0.90508,0.081493,0.84404,0.084889,490,-1.99,13.02,470,2
0.88001,0.091625,0.88549,0.091857,62,1.59,-20.47,2,2
0.90479,0.081615,0.83964,0.077673,512,-1.8,-10.24,38,2
0.92196,0.07389,0.82037,0.087025,560,-1.25,-20.46,204,2
0.92148,0.074117,0.83499,0.10803,537,4.52,-9.35,434,2
0.83925,0.10605,0.92542,0.063252,168,10.76,-5.07,201,2
0.92532,0.072283,0.82227,0.09759,627,-1.97,0.01,546,2
0.92532,0.072283,0.82227,0.09759,627,-1.99,10.44,4,2
0.92507,0.072404,0.82269,0.097735,613,-1.99,-20.47,2,2
0.92507,0.072404,0.82269,0.097735,613,-1.99,-20.47,2,2
0.925,0.07244,0.82207,0.096685,630,-1.99,-14.91,2,2
0.925,0.07244,0.82207,0.096685,630,-1.99,-20.47,2,2
0.88046,0.09145,0.89209,0.10315,406,-1.44,20.23,28,2
0.88046,0.09145,0.89209,0.10315,406,-1.12,-20.2,104,2
0.88046,0.09145,0.89209,0.10315,406,-1.99,9.2,22,2
0.88046,0.09145,0.89209,0.10315,406,-1.99,-20.47,18,2
0.88046,0.09145,0.89209,0.10315,406,-1.99,9.2,2,2
0.88046,0.09145,0.89209,0.10315,406,-1.99,-20.47,2,2
0.88046,0.09145,0.89209,0.10315,406,-1.99,-20.47,2,2
0.88046,0.09145,0.89209,0.10315,406,-1.99,-20.47,2,2
0.88046,0.09145,0.89209,0.10315,406,-1.99,-20.47,2,2
0.88046,0.09145,0.89209,0.10315,406,-1.99,9.2,18,2
0.88046,0.09145,0.89209,0.10315,406,-1.99,9.04,18,2
0.92128,0.074214,0.83,0.10026,518,-1.99,-12.26,115,2
0.92587,0.072016,0.82025,0.095936,657,-1.99,-20.47,202,2
0.89057,0.087498,0.8875,0.11851,380,1.2,14.44,129,2
0.91733,0.076052,0.82931,0.090465,518,11.34,-2.38,219,2
0.92161,0.074057,0.81817,0.083308,560,-1.99,-20.47,2,2
0.92161,0.074057,0.81817,0.083308,560,-1.99,-20.47,2,2
0.92161,0.074057,0.81817,0.083308,560,-1.99,-20.47,2,2
0.92585,0.072026,0.82013,0.095759,650,7.86,-8.49,172,2
0.924,0.072921,0.82417,0.097693,617,-1.99,-20.43,15,2
0.90272,0.0825,0.85987,0.10393,112,1.56,-5.12,327,2
0.92658,0.071672,0.81911,0.095971,630,6.72,-20.47,186,2
0.92421,0.072817,0.8144,0.083613,567,-1.99,-5.55,431,2
0.92421,0.072817,0.8144,0.083613,567,-1.99,-5.55,431,2
0.90743,0.080475,0.83648,0.079377,512,-1.99,12.06,2,2
0.92495,0.072462,0.82214,0.096933,608,-0.5,-9.59,2,2
0.88667,0.089045,0.87137,0.085918,156,6.28,14.1,288,2
0.92001,0.074808,0.81957,0.082064,551,13.93,-13.76,36,2
0.92575,0.072077,0.82105,0.097123,638,1.54,19.42,158,2
0.92656,0.071678,0.81869,0.095433,650,-1.99,-20.47,118,2
0.92581,0.072044,0.81968,0.095248,637,3.74,19.85,286,2
0.9247,0.072582,0.82311,0.097943,614,-1.99,-20.47,258,2
0.92161,0.074055,0.81598,0.080349,430,8.31,-2.8,523,2
0.92509,0.072396,0.82085,0.095431,598,-1.99,-20.47,2,2
0.92509,0.072396,0.82085,0.095431,598,-1.99,-20.47,2,2
0.92509,0.072396,0.82085,0.095431,598,-1.99,-20.47,2,2
0.92822,0.070868,0.81272,0.090294,570,5.04,-16.98,237,2
0.90105,0.083202,0.87077,0.11692,183,-0.98,-9.15,376,2
0.88104,0.091228,0.89253,0.10552,159,15.33,5.68,2,2
0.89016,0.087664,0.86805,0.088823,202,14.02,6.77,129,2
0.92532,0.072282,0.82156,0.09715,631,-1.99,12.84,2,2
0.92458,0.072641,0.82309,0.09777,618,-1.99,18.11,170,2
0.89108,0.087296,0.88297,0.11339,310,13.83,5.91,547,2
0.92529,0.072297,0.82137,0.096936,628,-1.63,-4.28,40,2
0.92529,0.072297,0.82137,0.096936,628,-1.35,-20.47,2,2
0.92529,0.072297,0.82137,0.096936,628,-1.04,-19.57,2,2
0.92529,0.072297,0.82137,0.096936,628,-1.99,-20.47,2,2
0.92529,0.072297,0.82137,0.096936,628,-1.58,-14.5,2,2
0.92552,0.072185,0.82123,0.097287,638,-1.99,-9.82,2,2
0.92611,0.071899,0.82029,0.097216,642,-1.8,-20.47,2,2
0.92617,0.071868,0.81995,0.096961,519,18.01,18.82,376,2
0.92608,0.071913,0.81909,0.095475,657,-1.99,-20.47,118,2
0.92475,0.072556,0.82258,0.097874,614,-1.04,-20.34,5,2
0.9256,0.072146,0.82051,0.096707,672,14.64,-20.42,33,2
0.90775,0.080337,0.83754,0.082454,535,-1.99,-20.47,2,2
0.90775,0.080337,0.83754,0.082454,535,-1.99,-20.47,2,2
0.89632,0.085168,0.88385,0.12668,276,11.76,13.56,482,2
0.91082,0.078989,0.83906,0.091594,476,-0.3,4,219,2
0.90523,0.081427,0.84145,0.082826,526,-1.83,-8.74,2,2
0.90523,0.081427,0.84145,0.082826,526,-1.99,-11.57,2,2
0.88536,0.089556,0.89152,0.11414,326,0.59,-12.2,428,2
0.92482,0.072523,0.8213,0.096248,630,-1.99,-12.71,128,2
0.92482,0.072523,0.8213,0.096248,630,-1.03,3.69,108,2
0.92516,0.072359,0.81253,0.08385,562,10.45,-2.92,440,2
0.88489,0.08974,0.87817,0.093125,174,7.45,9.57,287,2
0.92624,0.071836,0.81886,0.095814,633,11.4,-4.76,58,2
0.92514,0.07237,0.82115,0.096819,629,-1.99,-20.47,2,2
0.92514,0.07237,0.82115,0.096819,629,-1.99,-20.47,2,2
0.92514,0.07237,0.82115,0.096819,629,-1.99,-20.47,2,2
0.92345,0.073184,0.82416,0.097538,610,-1.99,-16.63,82,2
0.8923,0.086805,0.86848,0.094933,445,-1.28,16.47,71,2
0.92408,0.072881,0.82326,0.097724,616,-1.99,-20.47,417,2
0.92589,0.072006,0.81892,0.095303,640,-1.07,-20.38,7,2
0.92589,0.072006,0.81892,0.095303,640,-1.96,-20.34,107,2
0.91403,0.077555,0.83978,0.10015,478,8.68,-11.95,186,2
0.92484,0.072517,0.82147,0.096813,626,-1.99,-20.47,2,2
0.92484,0.072517,0.82147,0.096813,626,-1.99,-20.28,2,2
0.92482,0.072527,0.82181,0.097286,625,-1.91,6.51,532,2
0.92482,0.072527,0.82181,0.097286,625,-1.99,-10.25,2,2
0.92462,0.072622,0.82247,0.097865,617,-1.99,-20.47,2,2
0.92462,0.072622,0.82247,0.097865,617,-1.99,-20.47,2,2
0.92462,0.072622,0.82247,0.097865,617,-1.99,19.58,2,2
0.92462,0.072622,0.82247,0.097865,617,-1.99,19.58,2,2
0.92433,0.07276,0.82229,0.096992,606,-1.99,-20.47,5,2
0.87996,0.091644,0.87921,0.084199,234,10.12,3.21,6,2
0.90079,0.083313,0.87874,0.12934,299,17.48,0.08,524,2
0.92593,0.071985,0.81871,0.095267,641,-1.97,-20.47,213,2
0.92615,0.071881,0.81967,0.09721,643,-2,-20.25,2,2
0.92615,0.071881,0.81967,0.09721,643,-1.99,-20.47,2,2
0.92615,0.071881,0.81967,0.09721,643,-1.99,-20.47,2,2
0.92615,0.071881,0.81967,0.09721,643,-1.99,-20.47,2,2
0.8852,0.089621,0.87056,0.082811,195,12.42,-0.99,83,2
0.91162,0.078636,0.83288,0.084662,543,-1.48,-20.47,33,2
0.91162,0.078636,0.83288,0.084662,543,-1.99,-20.47,433,2
0.9264,0.071757,0.81878,0.096547,602,9.91,9.6,333,2
0.92508,0.0724,0.82105,0.096982,625,-1.99,-20.47,2,2
0.92508,0.0724,0.82105,0.096982,625,-1.99,-20.47,2,2
0.92508,0.0724,0.82105,0.096982,625,-1.99,-20.47,2,2
0.92508,0.0724,0.82105,0.096982,625,-1.99,-20.47,2,2
0.92506,0.072409,0.81984,0.095131,634,-0.09,-15.59,50,2
0.92663,0.071645,0.81853,0.096714,666,-1.99,8.34,349,2
0.92606,0.071922,0.8186,0.095577,643,-1.99,-20.47,100,2
0.92405,0.072896,0.82314,0.097886,618,-1.67,-1.86,2,2
0.92548,0.072207,0.82059,0.097267,630,-1.53,-11.41,2,2
0.92447,0.072695,0.82248,0.097835,616,-1.88,-16.64,161,2
0.92468,0.072591,0.82222,0.097942,613,-1.99,3.99,383,2
0.92439,0.072734,0.82227,0.097348,610,-1.91,-10.03,2,2
0.88971,0.087841,0.88336,0.11209,371,16.54,-7.62,728,2
0.92447,0.072692,0.82238,0.097794,617,-1.99,-20.47,153,2
0.92447,0.072692,0.82238,0.097794,617,-1.74,-19.04,205,2
0.88111,0.091203,0.89445,0.10995,416,-1.28,-14.01,748,2
0.9254,0.072244,0.82092,0.097717,502,17.01,-9.86,423,2
0.90677,0.080762,0.84507,0.092495,389,1.4,6.26,195,2
0.926,0.071954,0.81944,0.097034,588,-1.99,-19.03,222,2
0.926,0.071954,0.81944,0.097034,588,-1.99,-20.47,222,2
0.9205,0.074577,0.82998,0.10055,535,-1.99,-15.29,289,2
0.92599,0.071959,0.81838,0.095489,655,-1.99,10.37,165,2
0.83649,0.10696,0.9273,0.062449,207,5.71,-10.16,284,2
0.89309,0.086487,0.86257,0.088892,205,6.96,-14.56,290,2
0.92611,0.071901,0.81834,0.095962,618,-1.67,2.75,29,2
0.92436,0.072744,0.82182,0.097299,612,-1.67,-11.68,186,2
0.91517,0.077041,0.82239,0.077663,468,10.25,-1.57,314,2
0.92453,0.072663,0.82176,0.097659,619,-1.99,-15.35,2,2
0.92453,0.072663,0.82176,0.097659,619,-1.99,-15.35,414,2
0.92453,0.072663,0.82176,0.097659,619,-1.99,-20.47,414,2
0.92453,0.072663,0.82176,0.097659,619,-1.98,-2.68,13,2
0.92453,0.072663,0.82176,0.097659,619,-1.98,-16.76,13,2
0.83561,0.10724,0.93266,0.068908,208,14.35,-10.27,496,2
0.92606,0.071925,0.81864,0.096438,618,-1.99,-20.47,30,2
0.92579,0.072056,0.81887,0.096193,619,-1.35,-15.35,7,2
0.92595,0.071979,0.81814,0.09548,643,14.97,7.21,77,2
0.92452,0.07267,0.82189,0.097918,616,-1.76,-10.56,2,2
0.92594,0.071981,0.81816,0.095539,644,-1.04,-20.24,3,2
0.92594,0.071981,0.81816,0.095539,644,-1.99,-20.47,3,2
0.90083,0.083296,0.85834,0.099943,200,17.95,-20.04,171,2
0.90479,0.081616,0.85574,0.10484,333,17.2,-20.47,514,2
0.92637,0.071773,0.81665,0.094292,639,4.61,-17.33,445,2
0.89079,0.087411,0.86683,0.090629,571,-1.99,-11.11,652,2
0.92581,0.072044,0.81749,0.094353,601,-1.18,-5.63,2,2
0.92433,0.072759,0.82052,0.095582,598,-1.75,-14.52,507,2
0.92656,0.07168,0.81825,0.097182,645,-1.99,-20.47,2,2
0.92656,0.07168,0.81825,0.097182,645,-1.99,-20.47,2,2
0.92656,0.07168,0.81825,0.097182,645,-1.99,-20.47,2,2
0.92656,0.07168,0.81825,0.097182,645,-1.99,-20.47,20,2
0.92656,0.07168,0.81825,0.097182,645,-0.09,-20.47,18,2
0.92499,0.072442,0.82015,0.096512,673,-1.99,-12.75,130,2
0.92506,0.072406,0.81994,0.096375,629,-1.99,-10.01,197,2
0.92645,0.071735,0.81835,0.097193,644,-1.99,-17.56,2,2
0.92645,0.071735,0.81835,0.097193,644,-1.99,-20.47,2,2
0.92645,0.071735,0.81835,0.097193,644,-1.99,-20.47,2,2
0.92645,0.071735,0.81835,0.097193,644,-1.99,-20.47,2,2
0.92645,0.071735,0.81835,0.097193,644,-1.99,-20.47,2,2
0.82774,0.10978,0.93666,0.058292,195,16.28,2.43,557,2
0.88418,0.090016,0.89176,0.11373,364,3.38,-20.44,17,2
0.87446,0.09372,0.88969,0.089357,50,6.13,-20.47,2,2
0.91682,0.076286,0.82338,0.083369,542,-1.79,-20.47,2,2
0.91682,0.076286,0.82338,0.083369,542,-1.99,-20.47,2,2
0.91682,0.076286,0.82338,0.083369,542,-1.99,-20.47,2,2
0.92454,0.07266,0.82037,0.096126,616,-1.99,-20.47,26,2
0.91735,0.076044,0.82433,0.086042,500,9.99,18.05,252,2
0.92534,0.072271,0.81942,0.096667,627,-0.96,2.43,11,2
0.92416,0.072841,0.81934,0.093956,600,-1.99,-16.96,187,2
0.92416,0.072841,0.81934,0.093956,600,-1.85,-12.76,186,2
0.92416,0.072841,0.81934,0.093956,600,-1.99,-19.94,127,2
0.92468,0.072594,0.82121,0.097913,616,-1.28,-19.86,5,2
0.92393,0.072952,0.82206,0.097526,615,-1.99,-20.47,47,2
0.92548,0.072208,0.81895,0.096363,610,-1.99,-20.47,30,2
0.92625,0.071831,0.81759,0.096071,606,-1.8,9.08,65,2
0.88807,0.088494,0.86386,0.080793,213,9.82,7.13,145,2
0.91165,0.078622,0.83149,0.084336,544,-1.99,-19.55,427,2
0.91165,0.078622,0.83149,0.084336,544,-1.99,-20.47,427,2
0.86897,0.095747,0.88581,0.071891,146,9.43,8.43,662,2
0.92425,0.072799,0.81832,0.092806,595,-1.99,-13.2,301,2
0.89176,0.087023,0.87424,0.1046,268,-1.99,-20.47,486,2
0.92404,0.072901,0.82187,0.097671,614,-1.44,-14.72,33,2
0.88418,0.090015,0.87718,0.092401,460,3.34,-9.34,73,2
0.92509,0.072393,0.81971,0.096828,624,-0.71,14.49,1,2
0.92555,0.072173,0.81872,0.096365,650,9.21,5.73,186,2
0.89832,0.084342,0.86337,0.10286,236,3.52,-6,2,2
0.92456,0.072649,0.82106,0.097715,618,-1.99,-20.47,2,2
0.92456,0.072649,0.82106,0.097715,618,-1.99,-20.47,2,2
0.83814,0.10642,0.92949,0.070681,180,15.69,-20.47,710,2
0.88612,0.089258,0.88023,0.10136,218,6.86,11.31,270,2
0.91295,0.078041,0.82718,0.081075,421,-1.72,15.53,183,2
0.92487,0.0725,0.82009,0.097092,624,-1.91,-19.67,2,2
0.92487,0.0725,0.82009,0.097092,624,-1.99,-20.46,2,2
0.92517,0.072355,0.81997,0.097702,621,-1.99,-9.81,205,2
0.92431,0.072772,0.82098,0.097275,611,-0.17,7.2,2,2
0.92431,0.072772,0.82098,0.097275,611,-1.45,7.84,537,2
0.92431,0.072772,0.82098,0.097275,611,-1.99,-20.47,33,2
0.91404,0.077548,0.82331,0.077937,444,17.2,-8.63,514,2
0.9252,0.072341,0.8191,0.096528,628,-1.86,-20,1,2
0.88627,0.089201,0.88289,0.10597,194,11.51,-20.48,187,2
0.92556,0.072167,0.81913,0.09742,636,-1.61,-6.79,58,2
0.92436,0.072748,0.81747,0.092251,594,-1.72,-10.24,33,2
0.92571,0.072095,0.81723,0.094999,637,-0.39,0.22,115,2
0.92571,0.072095,0.81723,0.094999,637,-0.39,1.58,115,2
0.9246,0.07263,0.82085,0.097996,615,-0.35,-20.48,194,2
0.90673,0.080778,0.83473,0.079012,514,-0.77,17.63,25,2
0.8837,0.090204,0.87333,0.08616,186,13.96,-20.47,135,2
0.92546,0.072214,0.81907,0.097376,637,-1.99,15.36,2,2
0.89344,0.086345,0.88363,0.12316,405,-0.73,19.18,440,2
0.90616,0.081027,0.83576,0.079482,512,-1.39,-16,513,2
0.90616,0.081027,0.83576,0.079482,512,-1.4,-19.83,31,2
0.89207,0.086897,0.85998,0.084797,167,14.63,-12.38,649,2
0.92789,0.071026,0.8083,0.086865,562,15.96,-11.38,570,2
0.92626,0.071826,0.81538,0.093838,603,13.99,-20.47,578,2
0.92623,0.071842,0.81629,0.09514,640,10.54,-19.92,416,2
0.92632,0.071797,0.81767,0.097496,640,11.31,-16.32,225,2
0.92042,0.074615,0.81489,0.080234,476,3.65,-20.47,313,2
0.92639,0.071765,0.81657,0.096189,617,3.34,4.33,350,2
0.87605,0.093122,0.89921,0.10883,417,-0.17,-2.81,138,2
0.87605,0.093122,0.89921,0.10883,417,-1.99,2.19,2,2
0.87605,0.093122,0.89921,0.10883,417,-1.35,-20.47,2,2
0.87605,0.093122,0.89921,0.10883,417,-0.33,-20.47,2,2
0.87605,0.093122,0.89921,0.10883,417,-1.99,-20.47,2,2
0.87605,0.093122,0.89921,0.10883,417,-1.99,-20.47,2,2
0.87605,0.093122,0.89921,0.10883,417,-1.99,-0.29,310,2
0.87605,0.093122,0.89921,0.10883,417,-1.99,-15.73,2,2
0.87605,0.093122,0.89921,0.10883,417,-0.17,-19.19,10,2
0.87605,0.093122,0.89921,0.10883,417,-1.99,-4.01,2,2
0.91982,0.074899,0.83023,0.10201,517,7.35,13.21,437,2
0.92531,0.07229,0.81943,0.098174,643,-1.99,-0.29,2,2
0.922,0.073873,0.82243,0.09529,561,16.21,-2.4,585,2
0.88138,0.091099,0.88747,0.103,405,-0.52,1.73,95,2
0.88138,0.091099,0.88747,0.103,405,-1.99,-12.72,126,2
0.88138,0.091099,0.88747,0.103,405,-1.52,-15.74,69,2
0.88138,0.091099,0.88747,0.103,405,-1.71,8.27,2,2
0.88138,0.091099,0.88747,0.103,405,-1.71,9.18,32,2
0.88138,0.091099,0.88747,0.103,405,-1.99,-20.47,2,2
0.88138,0.091099,0.88747,0.103,405,-1.99,-15.67,2,2
0.9054,0.081354,0.84284,0.088997,533,-1.99,-20.47,491,2
0.92437,0.072742,0.81807,0.094162,601,-1.99,-12.87,98,2
0.9257,0.0721,0.81769,0.096612,618,-1.99,-20.47,6,2
0.88649,0.089117,0.88361,0.10856,144,17.43,-20.47,2,2
0.92487,0.0725,0.81863,0.096183,614,-1.57,-11.49,80,2
0.9293,0.070332,0.8122,0.096505,597,14.31,-9.16,434,2
0.92679,0.071566,0.8162,0.096999,650,-1.85,-20,1,2
0.88712,0.088869,0.87609,0.098849,544,-0.24,19.9,622,2
0.92452,0.072668,0.81939,0.096804,609,-1.99,0.22,2,2
0.89088,0.087375,0.88502,0.12062,283,0.62,14.32,231,2
0.82706,0.11,0.93619,0.058507,192,5.57,-20.47,290,2
0.9065,0.080881,0.83369,0.078213,511,-1.99,-18.01,2,2
0.9065,0.080881,0.83369,0.078213,511,-1.99,-20.47,2,2
0.92402,0.072909,0.81918,0.095514,381,17.38,16.19,100,2
0.92278,0.073504,0.81332,0.08396,553,-0.07,-17.27,2,2
0.92419,0.072829,0.8197,0.096702,611,-1.95,-20.47,47,2
0.92521,0.072336,0.81879,0.097636,620,-0.87,-15.03,2,2
0.92489,0.07249,0.81844,0.096398,614,-1.41,-13.09,92,2
0.92546,0.072215,0.81667,0.095123,591,-1.91,-20.47,413,2
0.88324,0.090383,0.87206,0.084733,72,8.12,4.07,633,2
0.82534,0.11054,0.93793,0.057702,208,-1.88,-8.1,360,2
0.91671,0.076336,0.82199,0.083645,547,-1.99,-20.47,2,2
0.91671,0.076336,0.82199,0.083645,547,-1.99,-20.47,2,2
0.91671,0.076336,0.82199,0.083645,547,-1.99,-20.47,2,2
0.91671,0.076336,0.82199,0.083645,547,-1.99,17.73,2,2
0.9169,0.076249,0.83332,0.10106,519,-1.99,-14.06,282,2
0.90233,0.082665,0.85902,0.10729,266,8.41,9.25,446,2
0.90514,0.081464,0.83559,0.07844,510,-1.99,-20.47,2,2
0.90514,0.081464,0.83559,0.07844,510,-1.99,-20.47,2,2
0.9255,0.072195,0.81798,0.097428,635,-1.98,-3.64,13,2
0.92591,0.071995,0.81649,0.096135,626,14.71,17.37,295,2
0.92672,0.071603,0.81595,0.097149,646,-1.34,-20.24,258,2
0.92811,0.070921,0.80739,0.087465,563,14.98,-4.36,386,2
0.92651,0.071707,0.81561,0.096208,602,-1.9,-3.81,213,2
0.83173,0.1085,0.93073,0.060957,99,11.47,13.82,610,2
0.92366,0.07308,0.81933,0.095451,603,-1.99,-20.31,481,2
0.92435,0.07275,0.81833,0.095516,610,-1.28,-2.92,2,2
0.90451,0.081737,0.83679,0.079055,513,-1.99,-20.47,1,2
0.89301,0.086517,0.8794,0.11763,298,13.9,-17.97,375,2
0.92415,0.072846,0.81972,0.097249,614,-1.99,-20.43,10,2
0.92531,0.072288,0.81829,0.097745,640,-1.99,7.29,2,2
0.92424,0.072802,0.81962,0.097365,613,-1.99,-12.61,134,2
0.92424,0.072802,0.81962,0.097365,613,-1.99,-2.62,13,2
0.92424,0.072802,0.81962,0.097365,613,-1.99,-3.75,98,2
0.89164,0.08707,0.8643,0.09205,551,-1.99,-5.57,451,2
0.92571,0.072092,0.81655,0.096098,608,-0.08,-20.47,118,2
0.92511,0.072383,0.81815,0.097253,623,-1.99,-20.47,2,2
0.92511,0.072383,0.81815,0.097253,623,-1.99,-20.47,2,2
0.92511,0.072383,0.81815,0.097253,623,-0.07,-19.83,2,2
0.92511,0.072383,0.81815,0.097253,623,-1.99,-19.19,2,2
0.92366,0.073084,0.823,0.10137,547,15.04,-19.76,313,2
0.9129,0.078061,0.82627,0.082302,539,-1.99,-20.47,122,2
0.92512,0.072381,0.81684,0.095438,631,-1.57,-18.17,36,2
0.90824,0.080122,0.83228,0.080986,519,-1.99,-20.47,2,2
0.90824,0.080122,0.83228,0.080986,519,-1.99,-20.47,2,2
0.92724,0.071346,0.81472,0.097052,654,-1.68,-20.48,1,2
0.91206,0.078438,0.82844,0.083727,540,-1.99,-17.4,2,2
0.91206,0.078438,0.82844,0.083727,540,-1.93,16.46,2,2
0.91206,0.078438,0.82844,0.083727,540,-1.99,13.26,2,2
0.91602,0.076652,0.82236,0.083453,548,-1.99,-16.3,2,2
0.91602,0.076652,0.82236,0.083453,548,-1.99,-20.15,2,2
0.91602,0.076652,0.82236,0.083453,548,-1.99,-20.47,2,2
0.91602,0.076652,0.82236,0.083453,548,-1.99,-20.47,2,2
0.92342,0.073195,0.82312,0.10114,570,-1.99,-20.47,237,2
0.92617,0.071872,0.81482,0.094886,637,12.59,-14.55,184,2
0.90804,0.080211,0.83106,0.078851,522,-1.06,0.47,144,2
0.92519,0.072347,0.81808,0.097654,619,-1.95,-20.47,2,2
0.92519,0.072347,0.81808,0.097654,619,-1.99,-20.47,2,2
0.92519,0.072347,0.81808,0.097654,619,-1.99,-20.47,2,2
0.92519,0.072347,0.81808,0.097654,619,-1.99,-20.29,2,2
0.87774,0.092487,0.88552,0.093897,50,10.94,1.46,2,2
0.90687,0.080718,0.83277,0.078949,513,-1.99,14.5,193,2
0.90687,0.080718,0.83277,0.078949,513,-1.99,7.51,434,2
0.90632,0.080959,0.8338,0.079387,511,-1.99,-20.47,24,2
0.90554,0.081292,0.8348,0.079181,512,-1.99,-20.47,288,2
0.90554,0.081292,0.8348,0.079181,512,-1.44,-18.88,25,2
0.91929,0.075145,0.81943,0.086701,488,8.45,14.17,321,2
0.92613,0.071891,0.81658,0.097752,642,-1.4,-14.25,504,2
0.92613,0.071891,0.81658,0.097752,642,-1.4,-14.09,504,2
0.92613,0.071891,0.81658,0.097752,642,-1.94,-20.4,33,2
0.8795,0.091819,0.88944,0.1039,361,18.14,-8.21,138,2
0.92588,0.072009,0.81698,0.097917,621,-1.95,-16.32,214,2
0.92665,0.071637,0.81523,0.097007,651,-1.99,-16.55,484,2
0.8993,0.083937,0.84367,0.078852,398,6.6,3.33,263,2
0.92505,0.072414,0.81688,0.095964,601,-1.99,-12.75,130,2
0.92423,0.07281,0.8187,0.096872,608,8.19,0.94,30,2
0.92489,0.072493,0.81692,0.095688,628,-1.99,-20.47,100,2
0.92734,0.071298,0.81389,0.0967,644,2.37,-20.47,168,2
0.92654,0.071688,0.81376,0.094767,632,13.37,13.41,150,2
0.92393,0.072953,0.81857,0.096113,606,-1.99,-20.11,152,2
0.92504,0.07242,0.8171,0.096422,598,-1.99,-20.47,43,2
0.88793,0.088548,0.89169,0.12604,336,15.92,-20.47,595,2
0.92003,0.074802,0.82811,0.10175,547,-1.99,-5.55,495,2
0.92003,0.074802,0.82811,0.10175,547,-1.99,-2.39,495,2
0.92537,0.072259,0.81723,0.097408,632,-1.86,-20.34,417,2
0.92397,0.072935,0.81895,0.096846,614,-1.83,-1.35,2,2
0.90395,0.081975,0.85039,0.099507,230,11.32,-8.31,161,2
0.82964,0.10917,0.93235,0.060239,96,-0.72,-11.94,183,2
0.92211,0.073818,0.82986,0.10914,453,9.28,6.82,177,2
0.92537,0.072261,0.81722,0.09748,633,-0.57,-3.11,185,2
0.91534,0.076963,0.82029,0.079676,392,9.5,2.23,311,2
0.82852,0.10953,0.93356,0.059699,215,10,17.52,523,2
0.92506,0.072408,0.8163,0.095501,630,-1.76,-19.44,105,2
0.92506,0.072408,0.8163,0.095501,630,-1.99,3.71,112,2
0.92506,0.072408,0.8163,0.095501,630,-1.65,-11.49,80,2
0.92506,0.072408,0.8163,0.095501,630,-1.68,-20.45,76,2
0.91902,0.07527,0.83036,0.1031,538,-1.99,-20.47,535,2
0.92003,0.074799,0.82856,0.10286,546,-1.99,-8.67,535,2
0.89271,0.08664,0.88013,0.11966,234,3.54,3.66,438,2
0.82827,0.10961,0.93365,0.059659,140,10.85,10.83,569,2
0.92056,0.074549,0.81578,0.084962,551,-0.87,12.4,209,2
0.82838,0.10958,0.93352,0.059716,213,10,15.6,523,2
0.908,0.08023,0.83327,0.083245,536,-0.71,-20.31,2,2
0.908,0.08023,0.83327,0.083245,536,-0.71,-20.47,2,2
0.908,0.08023,0.83327,0.083245,536,-1.99,-20.31,2,2
0.92546,0.072217,0.81621,0.096597,624,15.21,-16.59,282,2
0.92574,0.072079,0.81571,0.09649,607,-1.99,-20.43,130,2
0.90487,0.081581,0.83797,0.083414,530,-1.99,-19.99,196,2
0.92511,0.072383,0.81708,0.097161,622,-1.99,-8.25,21,2
0.92511,0.072383,0.81708,0.097161,622,-0.98,8.19,20,2
0.88704,0.088899,0.86269,0.081215,191,-0.16,-18.06,321,2
0.89028,0.087615,0.87093,0.10071,103,14.43,-20.26,73,2
0.92567,0.072114,0.8166,0.097755,612,14.87,-20.32,52,2
0.92601,0.071949,0.81622,0.097991,643,-1.99,7.37,13,2
0.92601,0.071949,0.81622,0.097991,643,-0.84,-20.18,13,2
0.92518,0.072351,0.81714,0.097562,623,-1.99,-20.47,414,2
0.89172,0.087039,0.85277,0.076762,381,11.16,12.88,346,2
0.92063,0.074519,0.81479,0.083881,533,18.24,-20.47,335,2
0.92541,0.072238,0.81693,0.097814,629,-0.71,-20.47,10,2
0.92604,0.071932,0.81591,0.097746,643,-1.99,-7.99,2,2
0.88155,0.091034,0.87975,0.094959,315,10.62,20.4,241,2
0.91016,0.079281,0.84832,0.11099,258,3.62,5.8,2,2
0.82395,0.11098,0.93819,0.057582,94,12.13,10.31,578,2
0.92164,0.074043,0.81466,0.086149,516,16.33,-15.08,15,2
0.92393,0.072955,0.81802,0.096342,613,-1.97,-18.43,136,2
0.92512,0.072382,0.81573,0.095577,628,-1.99,2.77,138,2
0.92606,0.071923,0.81503,0.096753,615,3.76,14.67,105,2
0.92499,0.072441,0.81692,0.097192,611,3.59,8.7,200,2
0.88657,0.089086,0.8709,0.093076,50,15.21,-10.78,50,2
0.88657,0.089086,0.8709,0.093076,50,15.21,-20.47,50,2
0.92553,0.072183,0.81673,0.098222,646,-1.1,0.55,68,2
0.8872,0.088837,0.88438,0.11475,50,1.22,-11.86,750,2
0.91772,0.075872,0.81664,0.080753,393,17.13,2.09,145,2
0.90668,0.080801,0.83259,0.080168,523,-1.99,-19.19,258,2
0.91387,0.077626,0.82381,0.082976,537,-1.99,-20.47,2,2
0.91387,0.077626,0.82381,0.082976,537,-1.67,-19.19,2,2
0.92499,0.072443,0.81601,0.096111,599,-1.99,-20.47,36,2
0.92528,0.072301,0.81562,0.096194,622,-1,-20.47,52,2
0.91308,0.077982,0.82091,0.076921,369,9.33,3.16,368,2
0.90873,0.079912,0.82968,0.08044,519,-2,-11.52,11,2
0.88748,0.088724,0.88237,0.11268,232,16.03,15.14,459,2
0.92608,0.071913,0.81517,0.097501,606,-1.99,19.42,158,2
0.90213,0.082748,0.83836,0.079017,514,-1.36,-18.72,6,2
0.92716,0.071387,0.81349,0.097447,653,-1.8,-20.47,233,2
0.92541,0.072238,0.81513,0.096008,614,-1.51,-9.82,130,2
0.9261,0.071906,0.81527,0.097748,644,-1.35,-3.7,18,2
0.92621,0.07185,0.81341,0.095238,592,11.43,14.39,273,2
0.82867,0.10948,0.93257,0.060142,203,17.87,18.09,559,2
0.92592,0.071992,0.81564,0.097995,644,-1.18,0.07,48,2
0.83463,0.10756,0.92591,0.063043,184,17.3,8.71,292,2
0.83463,0.10756,0.92591,0.063043,184,17.3,8.79,292,2
0.88275,0.090571,0.86707,0.079514,331,9.95,13.75,422,2
0.92734,0.0713,0.80567,0.086312,562,-1.99,-13.01,151,2
0.9202,0.074719,0.82704,0.10249,549,-1.99,-20.47,514,2
0.9202,0.074719,0.82704,0.10249,549,-1.99,10.94,514,2
0.92543,0.072229,0.81485,0.095959,597,-1.99,-20.47,107,2
0.92574,0.072079,0.81464,0.096357,674,6.61,-1.3,498,2
0.92524,0.072322,0.81625,0.097642,622,-1.76,-7.3,13,2
0.92396,0.072939,0.81603,0.094523,595,14.69,-20.3,107,2
0.92668,0.071623,0.80393,0.08253,549,16.16,-20.47,622,2
0.88804,0.088503,0.87244,0.099613,50,4.28,-20.27,2,2
0.91702,0.076195,0.83322,0.10504,211,4.44,-0.6,218,2
0.92694,0.071494,0.81347,0.097644,649,-1.41,-14.79,2,2
0.92694,0.071494,0.81347,0.097644,649,-1.99,-20.47,2,2
0.92694,0.071494,0.81347,0.097644,649,-1.99,-20.47,2,2
0.91095,0.07893,0.82672,0.081867,535,-1.99,-20.47,1,2
0.82809,0.10967,0.93492,0.063185,217,12.21,14.68,618,2
0.92596,0.07197,0.81502,0.098005,645,-1.03,-6.25,111,2
0.9065,0.080881,0.83217,0.080371,524,-0.15,-15.16,1,2
0.92522,0.072329,0.81571,0.097431,622,-1.99,-20.47,2,2
0.92522,0.072329,0.81571,0.097431,622,-1.72,-10.8,2,2
0.92522,0.072329,0.81571,0.097431,622,-1.88,-20.47,2,2
0.87698,0.092774,0.89433,0.10866,416,-1.35,-20.38,8,2
0.87698,0.092774,0.89433,0.10866,416,-1.99,-19.19,2,2
0.87698,0.092774,0.89433,0.10866,416,-1.07,-20.14,29,2
0.87698,0.092774,0.89433,0.10866,416,-1.68,-19.52,2,2
0.87698,0.092774,0.89433,0.10866,416,-1.84,-18.72,97,2
0.87698,0.092774,0.89433,0.10866,416,-1.28,-19.52,167,2
0.87698,0.092774,0.89433,0.10866,416,-1.99,-20.47,2,2
0.87698,0.092774,0.89433,0.10866,416,-1.99,-20.47,2,2
0.87698,0.092774,0.89433,0.10866,416,-1.99,-20.47,2,2
0.87698,0.092774,0.89433,0.10866,416,-2,-20.48,2,2
0.87698,0.092774,0.89433,0.10866,416,-1.99,-0.32,8,2
0.87698,0.092774,0.89433,0.10866,416,-0.72,16.39,279,2
0.89166,0.087061,0.85228,0.077841,426,15.2,18.78,568,2
0.92617,0.071871,0.81336,0.096122,604,-1.84,-16.64,65,2
0.92617,0.071871,0.81336,0.096122,604,-1.75,-10.88,222,2
